id,first_name,last_name,email,gender
1,Dalli,Stenton,dstenton0@state.tx.us,Male
2,Doreen,Eric,deric1@goo.ne.jp,Female
3,Darcy,Luff,dluff2@ibm.com,Male
4,Frasier,Argue,fargue3@soundcloud.com,Male
5,Rivalee,Sibbson,rsibbson4@geocities.com,Female
6,Kathleen,Bellinger,kbellinger5@alibaba.com,Female
7,Katherine,Rome,krome6@twitpic.com,Female
8,Daloris,Morales,dmorales7@cpanel.net,Female
9,Brnaby,Gounod,bgounod8@google.cn,Male
10,Reggie,Southerns,rsoutherns9@ed.gov,Female
11,Viola,Bellinger,vbellingera@usnews.com,Female
12,Joann,Buzin,jbuzinb@sohu.com,Female
13,Manuel,Clemmensen,mclemmensenc@bbc.co.uk,Male
14,Andeee,Molines,amolinesd@go.com,Female
15,Lawrence,Philippe,lphilippee@fda.gov,Male
16,Wainwright,Cisar,wcisarf@diigo.com,Male
17,Brander,Woods,bwoodsg@hc360.com,Male
18,Billye,Mordacai,bmordacaih@webmd.com,Female
19,Olympia,Caneo,ocaneoi@wikia.com,Female
20,Burt,Grimmer,bgrimmerj@mashable.com,Male
21,Cayla,Ullett,cullettk@networksolutions.com,Female
22,Konstantine,Barz,kbarzl@eepurl.com,Male
23,Kinna,Barrat,kbarratm@ucsd.edu,Female
24,Amitie,Mockford,amockfordn@apache.org,Female
25,Nikolai,Leethem,nleethemo@g.co,Male
26,Teador,Middlehurst,tmiddlehurstp@shareasale.com,Male
27,Ninette,Peasey,npeaseyq@wp.com,Female
28,Rodolfo,Hagwood,rhagwoodr@omniture.com,Male
29,Forrester,Shalloo,fshalloos@elegantthemes.com,Male
30,Donnell,McSparran,dmcsparrant@cbc.ca,Male
31,Toby,Vizard,tvizardu@scientificamerican.com,Male
32,Jaquenette,Grouen,jgrouenv@scribd.com,Female
33,Rutherford,Teresse,rteressew@reuters.com,Male
34,Otho,Powrie,opowriex@ow.ly,Male
35,Nicholas,Arnald,narnaldy@nifty.com,Male
36,Martie,Bevan,mbevanz@jugem.jp,Male
37,Conney,Szymonowicz,cszymonowicz10@dagondesign.com,Male
38,York,Dorrance,ydorrance11@squidoo.com,Male
39,Madelon,Boik,mboik12@istockphoto.com,Female
40,Celina,Aukland,caukland13@examiner.com,Female
41,Tobe,Landal,tlandal14@pbs.org,Female
42,Priscella,Searight,psearight15@google.com.hk,Female
43,Barrie,Blaxlande,bblaxlande16@g.co,Male
44,Kalvin,Mennear,kmennear17@rambler.ru,Male
45,Juli,Connett,jconnett18@lulu.com,Female
46,Allianora,Chatelain,achatelain19@wp.com,Female
47,Della,Verdey,dverdey1a@constantcontact.com,Female
48,Courtnay,Laurencot,claurencot1b@cbc.ca,Male
49,Salomo,McComiskey,smccomiskey1c@photobucket.com,Male
50,Johnathon,Saban,jsaban1d@barnesandnoble.com,Male
51,Lisabeth,Hazeldine,lhazeldine1e@imgur.com,Female
52,Pen,Wrinch,pwrinch1f@dailymotion.com,Female
53,Hewet,Souttar,hsouttar1g@hexun.com,Male
54,Kelsey,Alvarez,kalvarez1h@1und1.de,Male
55,Melania,Greatham,mgreatham1i@ed.gov,Female
56,Candice,Cattenach,ccattenach1j@istockphoto.com,Female
57,Zsazsa,Cluse,zcluse1k@imdb.com,Female
58,Xylia,Yakubowicz,xyakubowicz1l@answers.com,Female
59,Pascale,Coathup,pcoathup1m@sogou.com,Male
60,Ginger,Stitson,gstitson1n@nyu.edu,Male
61,Norby,Laval,nlaval1o@nsw.gov.au,Male
62,Vladimir,Sidden,vsidden1p@washington.edu,Male
63,Carmine,Annwyl,cannwyl1q@github.com,Male
64,Forrester,Kinglake,fkinglake1r@ox.ac.uk,Male
65,Errick,Suttill,esuttill1s@omniture.com,Male
66,Consuelo,Bizzey,cbizzey1t@cocolog-nifty.com,Female
67,Joella,Rhead,jrhead1u@networkadvertising.org,Female
68,Tate,Choupin,tchoupin1v@bing.com,Male
69,Timothy,Barthram,tbarthram1w@tamu.edu,Male
70,Abelard,Bellwood,abellwood1x@dailymotion.com,Male
71,Anastasie,McCrohon,amccrohon1y@taobao.com,Female
72,Base,Murfett,bmurfett1z@prweb.com,Male
73,Rachele,Abramow,rabramow20@answers.com,Female
74,Yule,Ayliff,yayliff21@addtoany.com,Male
75,Silvie,Switland,sswitland22@dion.ne.jp,Female
76,Durante,Rushton,drushton23@theglobeandmail.com,Male
77,Purcell,Ollington,pollington24@google.com.au,Male
78,Toddy,Queen,tqueen25@rambler.ru,Male
79,Thekla,Petranek,tpetranek26@state.tx.us,Female
80,Yankee,Carwithen,ycarwithen27@harvard.edu,Male
81,Duffy,Cutchey,dcutchey28@istockphoto.com,Male
82,Mufi,Edscer,medscer29@deviantart.com,Female
83,Chantalle,Ruddin,cruddin2a@addthis.com,Female
84,Eziechiele,Hartell,ehartell2b@ovh.net,Male
85,Sterling,Le Page,slepage2c@hibu.com,Male
86,Shannon,Pegrum,spegrum2d@webs.com,Female
87,Brady,Desouza,bdesouza2e@miibeian.gov.cn,Male
88,Marnie,Whitely,mwhitely2f@bizjournals.com,Female
89,Lura,Rikel,lrikel2g@quantcast.com,Female
90,Sasha,Coldwell,scoldwell2h@clickbank.net,Male
91,Chic,O'Reilly,coreilly2i@gravatar.com,Male
92,Worth,Sitlington,wsitlington2j@mashable.com,Male
93,Meghan,Danihelka,mdanihelka2k@liveinternet.ru,Female
94,Ely,Tigwell,etigwell2l@creativecommons.org,Male
95,Robb,Sains,rsains2m@usda.gov,Male
96,Silvia,Dibb,sdibb2n@hud.gov,Female
97,Philippe,Vanezis,pvanezis2o@jigsy.com,Female
98,Eba,Hodges,ehodges2p@google.co.jp,Female
99,Tove,Josh,tjosh2q@gizmodo.com,Female
100,Rutledge,Vassar,rvassar2r@google.ca,Male
101,Maddie,McPartling,mmcpartling2s@time.com,Male
102,Cy,Bims,cbims2t@wisc.edu,Male
103,Darsey,Syers,dsyers2u@sakura.ne.jp,Female
104,Allyn,Woollard,awoollard2v@icio.us,Female
105,Ives,MacMorland,imacmorland2w@fc2.com,Male
106,Humfried,Loton,hloton2x@addthis.com,Male
107,Gardiner,Aupol,gaupol2y@liveinternet.ru,Male
108,Elsi,Kinlock,ekinlock2z@purevolume.com,Female
109,Teddie,Leport,tleport30@umn.edu,Male
110,Netty,Chillingsworth,nchillingsworth31@jugem.jp,Female
111,Maurie,Bottoner,mbottoner32@upenn.edu,Male
112,Justen,Venner,jvenner33@intel.com,Male
113,Roselia,Maillard,rmaillard34@telegraph.co.uk,Female
114,Ritchie,Bere,rbere35@t-online.de,Male
115,Findlay,Guilaem,fguilaem36@seesaa.net,Male
116,Meryl,Durrett,mdurrett37@tripadvisor.com,Female
117,Thoma,Bastiman,tbastiman38@disqus.com,Male
118,Therese,Sare,tsare39@live.com,Female
119,Jeremie,Wylam,jwylam3a@blogs.com,Male
120,Radcliffe,O'Dyvoie,rodyvoie3b@biglobe.ne.jp,Male
121,Nelle,Goolden,ngoolden3c@webmd.com,Female
122,Dane,Filyakov,dfilyakov3d@cocolog-nifty.com,Male
123,Sampson,Bakewell,sbakewell3e@shareasale.com,Male
124,Ludwig,Sokell,lsokell3f@lulu.com,Male
125,Adolf,Belamy,abelamy3g@ocn.ne.jp,Male
126,Kelcey,Brittan,kbrittan3h@cargocollective.com,Female
127,Taddeusz,Mayling,tmayling3i@businessinsider.com,Male
128,Mike,Eyres,meyres3j@wikia.com,Male
129,Tull,Silkston,tsilkston3k@redcross.org,Male
130,Pavlov,Stracey,pstracey3l@upenn.edu,Male
131,Carine,Jallin,cjallin3m@is.gd,Female
132,Elia,Aizikowitz,eaizikowitz3n@ted.com,Male
133,Ralph,Pomfret,rpomfret3o@dailymotion.com,Male
134,Emmy,Duinbleton,eduinbleton3p@bloglovin.com,Female
135,Dagny,Darree,ddarree3q@phoca.cz,Male
136,Murdock,Brackenridge,mbrackenridge3r@elegantthemes.com,Male
137,Indira,Wolledge,iwolledge3s@tamu.edu,Female
138,Frank,Clouston,fclouston3t@boston.com,Female
139,Delora,Skyram,dskyram3u@sitemeter.com,Female
140,Northrup,Arntzen,narntzen3v@pbs.org,Male
141,Laurette,Thalmann,lthalmann3w@independent.co.uk,Female
142,Baron,Haldene,bhaldene3x@ebay.com,Male
143,Janek,Sidon,jsidon3y@xing.com,Male
144,Magda,Sackett,msackett3z@macromedia.com,Female
145,Jenica,Shiel,jshiel40@loc.gov,Female
146,Jdavie,Pound,jpound41@webeden.co.uk,Male
147,Loralie,Scarlon,lscarlon42@ed.gov,Female
148,Ange,Paz,apaz43@weebly.com,Male
149,Enos,Illingworth,eillingworth44@chronoengine.com,Male
150,Ellette,Valiant,evaliant45@washingtonpost.com,Female
151,Don,Kingdon,dkingdon46@kickstarter.com,Male
152,Ilene,Shorbrook,ishorbrook47@mashable.com,Female
153,Kingston,Frayn,kfrayn48@yolasite.com,Male
154,Lora,Flew,lflew49@phoca.cz,Female
155,Lalo,Skeech,lskeech4a@ehow.com,Male
156,Peta,Whitington,pwhitington4b@plala.or.jp,Female
157,Teresita,Seadon,tseadon4c@creativecommons.org,Female
158,Eloisa,Cuthbertson,ecuthbertson4d@hubpages.com,Female
159,Rufus,Hannon,rhannon4e@ycombinator.com,Male
160,Humfried,Dixcee,hdixcee4f@ask.com,Male
161,Lothaire,Grime,lgrime4g@miibeian.gov.cn,Male
162,Kaiser,Henfre,khenfre4h@sbwire.com,Male
163,Wileen,Paddemore,wpaddemore4i@com.com,Female
164,Chelsae,Wagenen,cwagenen4j@google.com.hk,Female
165,Madeline,Groven,mgroven4k@dion.ne.jp,Female
166,Ingamar,Drance,idrance4l@fotki.com,Male
167,Pavlov,Denisyuk,pdenisyuk4m@friendfeed.com,Male
168,Grete,Minor,gminor4n@google.it,Female
169,Scot,Kalker,skalker4o@phpbb.com,Male
170,Karolina,Sappell,ksappell4p@state.tx.us,Female
171,Hamilton,Springthorp,hspringthorp4q@va.gov,Male
172,Ginger,Tirkin,gtirkin4r@devhub.com,Female
173,Lida,Elloway,lelloway4s@miibeian.gov.cn,Female
174,Kara,Jeynes,kjeynes4t@t-online.de,Female
175,Vi,McTeggart,vmcteggart4u@stanford.edu,Female
176,Kleon,Bingham,kbingham4v@example.com,Male
177,Reid,Moncarr,rmoncarr4w@umn.edu,Male
178,Zelda,Juliff,zjuliff4x@naver.com,Female
179,Clevey,Duesberry,cduesberry4y@weather.com,Male
180,Laurie,Keoghane,lkeoghane4z@businesswire.com,Male
181,Kristopher,Bernhardsson,kbernhardsson50@cdc.gov,Male
182,Raina,McDade,rmcdade51@facebook.com,Female
183,Cristian,Storr,cstorr52@nature.com,Male
184,Darya,Phebee,dphebee53@so-net.ne.jp,Female
185,Parry,Kubu,pkubu54@goodreads.com,Male
186,Kristos,Hauxley,khauxley55@usgs.gov,Male
187,Ryan,Rowbotham,rrowbotham56@nhs.uk,Male
188,Marya,Polkinghorne,mpolkinghorne57@usnews.com,Female
189,Nicholle,Sandeson,nsandeson58@admin.ch,Female
190,Karalynn,Brusle,kbrusle59@goo.ne.jp,Female
191,Chery,Fanstone,cfanstone5a@blogtalkradio.com,Female
192,Hilario,Wolfenden,hwolfenden5b@wix.com,Male
193,Maddy,Tinkler,mtinkler5c@businesswire.com,Male
194,Dom,Dottrell,ddottrell5d@about.com,Male
195,Doro,Ogle,dogle5e@yahoo.co.jp,Female
196,Perren,Adrianello,padrianello5f@theguardian.com,Male
197,Catina,Eberlein,ceberlein5g@geocities.com,Female
198,Jody,Nickell,jnickell5h@digg.com,Male
199,Halimeda,Danshin,hdanshin5i@altervista.org,Female
200,Tobiah,Gorini,tgorini5j@slashdot.org,Male
201,June,Honywill,jhonywill5k@adobe.com,Female
202,Hollyanne,Klimowicz,hklimowicz5l@usnews.com,Female
203,Maximilien,Burniston,mburniston5m@about.me,Male
204,Ruy,Terrington,rterrington5n@imgur.com,Male
205,Tyler,Irvine,tirvine5o@nymag.com,Male
206,Yul,Maslin,ymaslin5p@webeden.co.uk,Male
207,Ario,Keaton,akeaton5q@printfriendly.com,Male
208,Huey,Mattaser,hmattaser5r@taobao.com,Male
209,Julie,Lowthian,jlowthian5s@buzzfeed.com,Female
210,Neille,Scatcher,nscatcher5t@flickr.com,Female
211,Lexi,Goldman,lgoldman5u@ca.gov,Female
212,Aubrey,Wharin,awharin5v@arizona.edu,Female
213,Anabelle,Richens,arichens5w@edublogs.org,Female
214,Ramsey,Elsey,relsey5x@github.com,Male
215,Ripley,Sives,rsives5y@umn.edu,Male
216,Pattie,Castiglione,pcastiglione5z@themeforest.net,Male
217,Trixie,Sedwick,tsedwick60@go.com,Female
218,Sidonnie,Carder,scarder61@about.com,Female
219,Anneliese,Peirpoint,apeirpoint62@slate.com,Female
220,Conrade,Drance,cdrance63@omniture.com,Male
221,Lothaire,Salisbury,lsalisbury64@harvard.edu,Male
222,Nikolia,Bestar,nbestar65@mtv.com,Female
223,Tully,Brister,tbrister66@theguardian.com,Male
224,Arabella,Lax,alax67@vk.com,Female
225,Kevin,Nealy,knealy68@goodreads.com,Male
226,Courtnay,Redsall,credsall69@ihg.com,Female
227,Guthrie,Fidell,gfidell6a@state.tx.us,Male
228,Louisette,Organ,lorgan6b@irs.gov,Female
229,Christalle,Farquharson,cfarquharson6c@eventbrite.com,Female
230,Elihu,Adriano,eadriano6d@howstuffworks.com,Male
231,Sunshine,Foux,sfoux6e@yolasite.com,Female
232,Jenni,Stirgess,jstirgess6f@cbslocal.com,Female
233,Kev,Balnaves,kbalnaves6g@privacy.gov.au,Male
234,Engelbert,Halson,ehalson6h@devhub.com,Male
235,Nora,Catteroll,ncatteroll6i@fema.gov,Female
236,Bat,Glandfield,bglandfield6j@github.com,Male
237,Lani,Spellissy,lspellissy6k@kickstarter.com,Female
238,Preston,Edsall,pedsall6l@wikia.com,Male
239,Kenn,Crippen,kcrippen6m@freewebs.com,Male
240,Clementina,Paliser,cpaliser6n@yellowpages.com,Female
241,Sharline,Stopp,sstopp6o@zdnet.com,Female
242,Diandra,Coleby,dcoleby6p@ucoz.ru,Female
243,Kendall,Woolpert,kwoolpert6q@imageshack.us,Male
244,Margret,Burry,mburry6r@ovh.net,Female
245,Cobb,Ebrall,cebrall6s@icio.us,Male
246,Gardner,Dumbleton,gdumbleton6t@berkeley.edu,Male
247,Madelene,Gimblett,mgimblett6u@senate.gov,Female
248,Brett,Radford,bradford6v@feedburner.com,Male
249,Billy,McConaghy,bmcconaghy6w@hhs.gov,Female
250,Loria,Litel,llitel6x@dyndns.org,Female
251,Emogene,Yekel,eyekel6y@cocolog-nifty.com,Female
252,Stavros,Bernardino,sbernardino6z@amazon.de,Male
253,Devina,Poone,dpoone70@dyndns.org,Female
254,Lezlie,Fairbourn,lfairbourn71@nih.gov,Female
255,Carline,McBay,cmcbay72@symantec.com,Female
256,Byran,Bearns,bbearns73@yahoo.co.jp,Male
257,Richardo,Lowdeane,rlowdeane74@scientificamerican.com,Male
258,Mar,Founds,mfounds75@desdev.cn,Male
259,Rudd,Burkill,rburkill76@wikimedia.org,Male
260,Cherye,Fellnee,cfellnee77@seattletimes.com,Female
261,Virgie,Titterington,vtitterington78@weather.com,Female
262,Ashbey,Ebi,aebi79@buzzfeed.com,Male
263,Julian,Meatyard,jmeatyard7a@plala.or.jp,Male
264,Jacinda,Bullier,jbullier7b@list-manage.com,Female
265,Marni,Phillcock,mphillcock7c@diigo.com,Female
266,Cob,Yemm,cyemm7d@chron.com,Male
267,Verene,Denkel,vdenkel7e@sitemeter.com,Female
268,Vivianne,Weben,vweben7f@people.com.cn,Female
269,Itch,Readmire,ireadmire7g@linkedin.com,Male
270,Amil,Clausius,aclausius7h@sbwire.com,Female
271,Elliot,Molnar,emolnar7i@opensource.org,Male
272,Kyla,Canby,kcanby7j@psu.edu,Female
273,Gerard,Beazleigh,gbeazleigh7k@fc2.com,Male
274,Sayre,Gatheridge,sgatheridge7l@tripadvisor.com,Female
275,Murry,Christal,mchristal7m@php.net,Male
276,Shana,McPhelimey,smcphelimey7n@webmd.com,Female
277,Birdie,Ivashov,bivashov7o@hugedomains.com,Female
278,Orazio,Aldersey,oaldersey7p@mapy.cz,Male
279,Dov,Quantrill,dquantrill7q@guardian.co.uk,Male
280,Noak,Higbin,nhigbin7r@freewebs.com,Male
281,Delainey,Semor,dsemor7s@wikispaces.com,Male
282,Gilda,Eggle,geggle7t@google.com.hk,Female
283,Yuri,Canter,ycanter7u@etsy.com,Male
284,Enid,de Merida,edemerida7v@dot.gov,Female
285,Saundra,McArte,smcarte7w@seattletimes.com,Male
286,Ewan,Bischoff,ebischoff7x@skype.com,Male
287,Danyelle,Coggeshall,dcoggeshall7y@state.gov,Female
288,Karney,Todarello,ktodarello7z@storify.com,Male
289,Judith,Piscot,jpiscot80@redcross.org,Female
290,Magdalen,Jerams,mjerams81@ft.com,Female
291,Dreddy,Bickerdicke,dbickerdicke82@dion.ne.jp,Female
292,Julia,Bunch,jbunch83@gravatar.com,Female
293,Rad,McKerron,rmckerron84@disqus.com,Male
294,Irv,Slainey,islainey85@cafepress.com,Male
295,Wainwright,Durdle,wdurdle86@xinhuanet.com,Male
296,Ingram,Rantoull,irantoull87@weibo.com,Male
297,Lula,Heffer,lheffer88@homestead.com,Female
298,Buck,Kinlock,bkinlock89@prweb.com,Male
299,Ricoriki,Ivanikhin,rivanikhin8a@t-online.de,Male
300,Terry,Rosenvasser,trosenvasser8b@istockphoto.com,Male
301,Montgomery,Walentynowicz,mwalentynowicz8c@mapquest.com,Male
302,Domenico,McCorrie,dmccorrie8d@narod.ru,Male
303,Coop,Moyle,cmoyle8e@webnode.com,Male
304,Udell,Sizeland,usizeland8f@cbc.ca,Male
305,Aida,Tomczykowski,atomczykowski8g@barnesandnoble.com,Female
306,Cchaddie,Cathie,ccathie8h@technorati.com,Male
307,Vinny,Mulhill,vmulhill8i@wikimedia.org,Female
308,Barris,Pregal,bpregal8j@parallels.com,Male
309,Marabel,Schild,mschild8k@diigo.com,Female
310,Shae,Jellis,sjellis8l@csmonitor.com,Female
311,Raphael,Lecointe,rlecointe8m@va.gov,Male
312,Ozzie,Overlow,ooverlow8n@cocolog-nifty.com,Male
313,Christen,Glennie,cglennie8o@i2i.jp,Female
314,Orelle,Dumberell,odumberell8p@netlog.com,Female
315,Raimund,LAbbet,rlabbet8q@twitpic.com,Male
316,Martie,Cassar,mcassar8r@networkadvertising.org,Female
317,Essa,Wann,ewann8s@howstuffworks.com,Female
318,Laurie,Blondell,lblondell8t@ft.com,Female
319,Jaime,Arminger,jarminger8u@sina.com.cn,Female
320,Corbie,Nashe,cnashe8v@infoseek.co.jp,Male
321,Wileen,Wrintmore,wwrintmore8w@cbsnews.com,Female
322,Cullie,Piggott,cpiggott8x@nih.gov,Male
323,Micky,McGilvary,mmcgilvary8y@dailymotion.com,Male
324,Lem,Gervaise,lgervaise8z@ed.gov,Male
325,Kellby,Meiningen,kmeiningen90@msu.edu,Male
326,Morena,Illem,millem91@hc360.com,Female
327,Clark,Burgot,cburgot92@cornell.edu,Male
328,Linn,Stilgoe,lstilgoe93@booking.com,Female
329,Dyna,Atwill,datwill94@dedecms.com,Female
330,Orion,Meech,omeech95@networkadvertising.org,Male
331,Lucina,Sugden,lsugden96@irs.gov,Female
332,Kermie,Yglesia,kyglesia97@msn.com,Male
333,Carver,Gamblin,cgamblin98@auda.org.au,Male
334,Chiquia,Webster,cwebster99@qq.com,Female
335,Pearce,Hiorn,phiorn9a@cnn.com,Male
336,Standford,Phizacklea,sphizacklea9b@wsj.com,Male
337,Cinda,Ussher,cussher9c@arizona.edu,Female
338,Annie,Pourveer,apourveer9d@tamu.edu,Female
339,Codi,Carbert,ccarbert9e@sohu.com,Female
340,Eward,Rattenberie,erattenberie9f@pen.io,Male
341,Candida,Huskinson,chuskinson9g@so-net.ne.jp,Female
342,Chrissy,Gauche,cgauche9h@blinklist.com,Female
343,Noak,Doale,ndoale9i@ucoz.com,Male
344,Catherina,Mayston,cmayston9j@pinterest.com,Female
345,Rabbi,Monelli,rmonelli9k@w3.org,Male
346,Gustaf,Andrault,gandrault9l@boston.com,Male
347,Alexandre,Linsley,alinsley9m@huffingtonpost.com,Male
348,Auberta,Daveran,adaveran9n@google.ru,Female
349,Coraline,Cherrison,ccherrison9o@fastcompany.com,Female
350,Delbert,Trusslove,dtrusslove9p@samsung.com,Male
351,Kizzee,Burdikin,kburdikin9q@upenn.edu,Female
352,Stavro,Ethridge,sethridge9r@elpais.com,Male
353,Julie,Niessen,jniessen9s@yahoo.co.jp,Male
354,Eugenia,MacGaffey,emacgaffey9t@jigsy.com,Female
355,Clint,Craine,ccraine9u@tripod.com,Male
356,Dewain,Rozanski,drozanski9v@1688.com,Male
357,Gunther,Trobe,gtrobe9w@spotify.com,Male
358,Gilberte,Burnand,gburnand9x@bloglines.com,Female
359,Johna,Sawl,jsawl9y@simplemachines.org,Female
360,Crystie,Benedetti,cbenedetti9z@unicef.org,Female
361,Flossy,Hopfer,fhopfera0@webeden.co.uk,Female
362,Berta,Shrawley,bshrawleya1@dagondesign.com,Female
363,Carmella,Longworth,clongwortha2@go.com,Female
364,Alastair,Harris,aharrisa3@usda.gov,Male
365,Oswald,Simnett,osimnetta4@hubpages.com,Male
366,Findley,Konert,fkonerta5@php.net,Male
367,Patricia,Heyward,pheywarda6@spotify.com,Female
368,Miguelita,Charrier,mcharriera7@rambler.ru,Female
369,Brunhilda,McKennan,bmckennana8@eventbrite.com,Female
370,Emmalynn,Benz,ebenza9@ocn.ne.jp,Female
371,Korey,Gurnett,kgurnettaa@ycombinator.com,Male
372,Tyson,Fernao,tfernaoab@economist.com,Male
373,Deloria,Tzar,dtzarac@uiuc.edu,Female
374,Yvon,Doak,ydoakad@marriott.com,Male
375,Orlando,Matysiak,omatysiakae@wikia.com,Male
376,Saundra,Brockway,sbrockwayaf@hhs.gov,Male
377,Hirsch,Rennix,hrennixag@washington.edu,Male
378,Yancey,MacElharge,ymacelhargeah@indiatimes.com,Male
379,Audy,Grundwater,agrundwaterai@bloomberg.com,Female
380,Ranique,Koubu,rkoubuaj@epa.gov,Female
381,Abby,Forsythe,aforsytheak@ibm.com,Male
382,Basia,Kubatsch,bkubatschal@ycombinator.com,Female
383,Cornela,Ritchie,critchieam@free.fr,Female
384,Konstantin,Beausang,kbeausangan@blinklist.com,Male
385,Mitchell,Fannon,mfannonao@lycos.com,Male
386,Roderick,Metzig,rmetzigap@buzzfeed.com,Male
387,Milka,Gladstone,mgladstoneaq@histats.com,Female
388,Giacopo,Menhci,gmenhciar@uiuc.edu,Male
389,Bartholomew,Genders,bgendersas@qq.com,Male
390,Heida,Baskeyfied,hbaskeyfiedat@europa.eu,Female
391,Marin,Cowle,mcowleau@edublogs.org,Female
392,Lambert,Brabban,lbrabbanav@smugmug.com,Male
393,Butch,Swepson,bswepsonaw@bloomberg.com,Male
394,Darryl,Janas,djanasax@mozilla.org,Male
395,Maurise,Bodker,mbodkeray@histats.com,Male
396,Beatriz,Obern,bobernaz@dailymail.co.uk,Female
397,Alphonso,Olney,aolneyb0@exblog.jp,Male
398,Erastus,Winslow,ewinslowb1@bloglines.com,Male
399,Raleigh,Burtwistle,rburtwistleb2@creativecommons.org,Male
400,Allix,Dormon,adormonb3@hao123.com,Female
401,Gayelord,Barrick,gbarrickb4@cbc.ca,Male
402,Christy,Dallmann,cdallmannb5@sourceforge.net,Male
403,Vina,Huxley,vhuxleyb6@omniture.com,Female
404,Devi,Goodings,dgoodingsb7@columbia.edu,Female
405,Eugenie,Kalberer,ekalbererb8@msn.com,Female
406,Rafi,Witherop,rwitheropb9@wikipedia.org,Male
407,Orazio,Huws,ohuwsba@google.es,Male
408,Theodosia,Packham,tpackhambb@eepurl.com,Female
409,Marjie,Cabral,mcabralbc@miibeian.gov.cn,Female
410,Benjie,Sallter,bsallterbd@blogger.com,Male
411,Abigale,Game,agamebe@pagesperso-orange.fr,Female
412,Franky,Todaro,ftodarobf@vinaora.com,Female
413,Vi,Vennart,vvennartbg@ted.com,Female
414,Ester,Pressnell,epressnellbh@simplemachines.org,Female
415,Flossie,MacIlhagga,fmacilhaggabi@prnewswire.com,Female
416,Caril,Farrants,cfarrantsbj@soundcloud.com,Female
417,Aldridge,Benstead,abensteadbk@go.com,Male
418,Justinn,Filgate,jfilgatebl@dell.com,Female
419,Roch,Arlett,rarlettbm@edublogs.org,Female
420,Byrom,Haydock,bhaydockbn@tamu.edu,Male
421,Duane,Antoshin,dantoshinbo@uiuc.edu,Male
422,Amitie,Traice,atraicebp@nhs.uk,Female
423,Skell,Offield,soffieldbq@yale.edu,Male
424,Catherin,Deeks,cdeeksbr@ftc.gov,Female
425,Reuven,Attlee,rattleebs@shutterfly.com,Male
426,Geoff,Tinson,gtinsonbt@netlog.com,Male
427,Flore,Ravel,fravelbu@parallels.com,Female
428,Estell,Archdeckne,earchdecknebv@huffingtonpost.com,Female
429,Gerome,Bradie,gbradiebw@foxnews.com,Male
430,Claudio,Lyvon,clyvonbx@blogspot.com,Male
431,Buddy,Sinclaire,bsinclaireby@ezinearticles.com,Male
432,Garek,Keigher,gkeigherbz@state.gov,Male
433,Saudra,Ginsie,sginsiec0@google.co.uk,Female
434,Stacey,Bruyett,sbruyettc1@xinhuanet.com,Female
435,Tarra,Ramsdale,tramsdalec2@cnbc.com,Female
436,Suzi,Andreassen,sandreassenc3@comsenz.com,Female
437,Kevan,Wingrove,kwingrovec4@java.com,Male
438,Alasdair,Dansie,adansiec5@si.edu,Male
439,Bail,Fagan,bfaganc6@hexun.com,Male
440,Krishnah,Zarb,kzarbc7@123-reg.co.uk,Male
441,Eileen,Shaddock,eshaddockc8@arstechnica.com,Female
442,Nathanil,Mordecai,nmordecaic9@vimeo.com,Male
443,Jose,Sloey,jsloeyca@businessinsider.com,Male
444,Jerrome,Stutter,jstuttercb@tumblr.com,Male
445,Shaun,Brecon,sbreconcc@creativecommons.org,Female
446,Rhianon,Biddell,rbiddellcd@last.fm,Female
447,Torey,Gleadhall,tgleadhallce@msn.com,Male
448,Jock,Hardie,jhardiecf@1688.com,Male
449,Erika,Kingh,ekinghcg@toplist.cz,Female
450,Vivia,Haddinton,vhaddintonch@salon.com,Female
451,Sammie,Treherne,streherneci@nydailynews.com,Male
452,Natalee,Beecham,nbeechamcj@rediff.com,Female
453,Marion,Lawley,mlawleyck@sourceforge.net,Male
454,Mal,Shovel,mshovelcl@tinypic.com,Male
455,Annabela,Speenden,aspeendencm@parallels.com,Female
456,Ezri,Corson,ecorsoncn@spiegel.de,Male
457,Christos,Egerton,cegertonco@aol.com,Male
458,Pancho,Sorey,psoreycp@opera.com,Male
459,Cherida,Ricards,cricardscq@imageshack.us,Female
460,Berton,Rabat,brabatcr@ifeng.com,Male
461,Jacqui,Andrasch,jandraschcs@ox.ac.uk,Female
462,Thebault,Creany,tcreanyct@si.edu,Male
463,Shara,Sollner,ssollnercu@youku.com,Female
464,Keven,Scupham,kscuphamcv@pcworld.com,Male
465,Idalia,Kennally,ikennallycw@fema.gov,Female
466,Hughie,Drieu,hdrieucx@salon.com,Male
467,Ettore,Brogan,ebrogancy@goo.ne.jp,Male
468,Lucia,Brittin,lbrittincz@nymag.com,Female
469,Trey,Morsey,tmorseyd0@163.com,Male
470,Dacia,Brommage,dbrommaged1@cbc.ca,Female
471,Lorry,Tordiffe,ltordiffed2@redcross.org,Male
472,Penrod,Ede,peded3@timesonline.co.uk,Male
473,Merle,Wakeman,mwakemand4@guardian.co.uk,Male
474,Irene,Siggs,isiggsd5@guardian.co.uk,Female
475,Rem,Quinion,rquiniond6@blogtalkradio.com,Male
476,Elliott,Mechem,emechemd7@godaddy.com,Male
477,Sib,Fowgies,sfowgiesd8@de.vu,Female
478,Roger,Bendley,rbendleyd9@adobe.com,Male
479,Mildrid,Britian,mbritianda@alibaba.com,Female
480,Belinda,Januszewski,bjanuszewskidb@4shared.com,Female
481,Veronique,Stener,vstenerdc@statcounter.com,Female
482,Lock,Arnaldy,larnaldydd@businesswire.com,Male
483,Gene,Novelli,gnovellide@csmonitor.com,Female
484,Marv,Rankin,mrankindf@storify.com,Male
485,Alfie,Sandle,asandledg@newyorker.com,Male
486,Lurette,Cocozza,lcocozzadh@weather.com,Female
487,Maryellen,Brunning,mbrunningdi@aol.com,Female
488,Ilsa,Grebert,igrebertdj@dell.com,Female
489,Alejoa,Lemmers,alemmersdk@4shared.com,Male
490,Rozele,Thridgould,rthridgoulddl@studiopress.com,Female
491,Hakeem,Daulby,hdaulbydm@pcworld.com,Male
492,Dorelle,Swain,dswaindn@cmu.edu,Female
493,Nadia,Pochon,npochondo@gravatar.com,Female
494,Max,Vercruysse,mvercruyssedp@lycos.com,Female
495,Tracy,Salkeld,tsalkelddq@techcrunch.com,Male
496,Olia,Vern,overndr@msn.com,Female
497,Tully,Farmery,tfarmeryds@engadget.com,Male
498,Archaimbaud,Standing,astandingdt@hc360.com,Male
499,Penni,Cuthbertson,pcuthbertsondu@cmu.edu,Female
500,Jacenta,Baudains,jbaudainsdv@nyu.edu,Female
501,Daria,Kerne,dkernedw@live.com,Female
502,Reina,Stavers,rstaversdx@gravatar.com,Female
503,Whit,Swaffield,wswaffielddy@sbwire.com,Male
504,Grazia,Bain,gbaindz@stanford.edu,Female
505,Quentin,Howard,qhowarde0@netlog.com,Female
506,Cecile,Nitto,cnittoe1@blogs.com,Female
507,Marijo,McKeating,mmckeatinge2@independent.co.uk,Female
508,Emanuele,Malling,emallinge3@mail.ru,Male
509,Phil,Yellowley,pyellowleye4@dot.gov,Male
510,Truman,Byrcher,tbyrchere5@bbc.co.uk,Male
511,Trev,Smaling,tsmalinge6@yahoo.co.jp,Male
512,Bartholomeus,Lysaght,blysaghte7@histats.com,Male
513,Prent,McDavitt,pmcdavitte8@mtv.com,Male
514,Pavel,Tither,ptithere9@noaa.gov,Male
515,Neddy,Abela,nabelaea@seesaa.net,Male
516,Trstram,Laflin,tlaflineb@nbcnews.com,Male
517,Jakie,Shambrooke,jshambrookeec@shareasale.com,Male
518,Charles,Tenpenny,ctenpennyed@acquirethisname.com,Male
519,Sammy,Sussams,ssussamsee@blog.com,Male
520,Reinaldo,Spellman,rspellmanef@imgur.com,Male
521,Harry,Mayze,hmayzeeg@1und1.de,Male
522,Dorthy,Kamena,dkamenaeh@youtube.com,Female
523,Winfield,Boame,wboameei@lycos.com,Male
524,Wainwright,Keaveny,wkeavenyej@sitemeter.com,Male
525,Zorah,Tapp,ztappek@nytimes.com,Female
526,Ilario,Kingdom,ikingdomel@noaa.gov,Male
527,Zsa zsa,Martel,zmartelem@nifty.com,Female
528,Gunther,Wellman,gwellmanen@xinhuanet.com,Male
529,Beryl,Fussen,bfusseneo@gizmodo.com,Female
530,Tori,Khomin,tkhominep@mediafire.com,Female
531,Bridget,Gager,bgagereq@washingtonpost.com,Female
532,Dalt,Pareman,dparemaner@technorati.com,Male
533,Osbourn,Pele,opelees@1und1.de,Male
534,Rhea,Kytley,rkytleyet@businessweek.com,Female
535,Marcellus,Augie,maugieeu@istockphoto.com,Male
536,Jerad,Bourgeois,jbourgeoisev@latimes.com,Male
537,Florry,Gerretsen,fgerretsenew@tiny.cc,Female
538,Cesar,Bouch,cbouchex@wordpress.org,Male
539,Hubie,Hrishchenko,hhrishchenkoey@jigsy.com,Male
540,Maude,Neate,mneateez@artisteer.com,Female
541,Pauly,Ball,pballf0@cmu.edu,Female
542,Loraine,Frostdick,lfrostdickf1@cam.ac.uk,Female
543,Noe,Oselton,noseltonf2@toplist.cz,Male
544,Chloette,Pietzker,cpietzkerf3@privacy.gov.au,Female
545,Tedman,Crossgrove,tcrossgrovef4@google.com,Male
546,Brendon,Chalke,bchalkef5@chicagotribune.com,Male
547,Elfreda,McVane,emcvanef6@creativecommons.org,Female
548,Emilia,Curcher,ecurcherf7@webmd.com,Female
549,Violetta,Bratten,vbrattenf8@goo.ne.jp,Female
550,Kasey,Manis,kmanisf9@google.ca,Female
551,Nadine,Penreth,npenrethfa@columbia.edu,Female
552,Pierre,Joss,pjossfb@printfriendly.com,Male
553,Jay,Rowswell,jrowswellfc@diigo.com,Male
554,Yvette,Ivanusyev,yivanusyevfd@europa.eu,Female
555,Lin,Freen,lfreenfe@netlog.com,Male
556,Myrilla,Rush,mrushff@google.ru,Female
557,Laural,Eyden,leydenfg@seattletimes.com,Female
558,Marlee,Christall,mchristallfh@google.co.uk,Female
559,Curcio,Marcussen,cmarcussenfi@nature.com,Male
560,Carline,Pedersen,cpedersenfj@wunderground.com,Female
561,Alphonso,Peascod,apeascodfk@nih.gov,Male
562,Nickolai,Gillooly,ngilloolyfl@tuttocitta.it,Male
563,Kerr,Diggens,kdiggensfm@i2i.jp,Male
564,Berkley,Thurstan,bthurstanfn@reuters.com,Male
565,Ruddie,Pedrozzi,rpedrozzifo@nbcnews.com,Male
566,Tedman,Purple,tpurplefp@slate.com,Male
567,Carlie,Morford,cmorfordfq@linkedin.com,Female
568,Manfred,Storrier,mstorrierfr@stumbleupon.com,Male
569,El,Wolton,ewoltonfs@baidu.com,Male
570,Bethanne,Hazel,bhazelft@cpanel.net,Female
571,Merrick,Mix,mmixfu@imdb.com,Male
572,Laurena,Tattoo,ltattoofv@umn.edu,Female
573,Luce,Lipsett,llipsettfw@answers.com,Male
574,Charlotte,Buckie,cbuckiefx@altervista.org,Female
575,Gabbi,Presslie,gpressliefy@sciencedaily.com,Female
576,Fax,Morrad,fmorradfz@ow.ly,Male
577,Torin,Rudledge,trudledgeg0@opera.com,Male
578,Enrica,Antoinet,eantoinetg1@google.fr,Female
579,Martica,Molen,mmoleng2@miitbeian.gov.cn,Female
580,Chelsey,Angelo,cangelog3@webmd.com,Female
581,Randall,Snary,rsnaryg4@bigcartel.com,Male
582,Emmet,Teggart,eteggartg5@cdbaby.com,Male
583,Ava,Shuttleworth,ashuttleworthg6@gravatar.com,Female
584,Cecilio,Trase,ctraseg7@soundcloud.com,Male
585,Gordan,Orring,gorringg8@washington.edu,Male
586,Rafferty,Edington,redingtong9@youku.com,Male
587,Vernen,Buggs,vbuggsga@cafepress.com,Male
588,Sandie,Boole,sboolegb@vimeo.com,Female
589,Britteny,Farrow,bfarrowgc@jalbum.net,Female
590,Juliet,Pendergast,jpendergastgd@bloglovin.com,Female
591,Fianna,Belsham,fbelshamge@timesonline.co.uk,Female
592,Kaylyn,Belloch,kbellochgf@t-online.de,Female
593,Becky,Kittle,bkittlegg@prnewswire.com,Female
594,Iggie,Rasper,iraspergh@lulu.com,Male
595,Eleanora,Leggon,eleggongi@springer.com,Female
596,Delmor,Pfeuffer,dpfeuffergj@bandcamp.com,Male
597,Rance,Lacaze,rlacazegk@alibaba.com,Male
598,Jillian,Stoop,jstoopgl@ucla.edu,Female
599,Elden,Boon,eboongm@ucsd.edu,Male
600,Gratiana,Cardenosa,gcardenosagn@wikispaces.com,Female
601,Mandi,Mauchline,mmauchlinego@gnu.org,Female
602,Antonin,Crenage,acrenagegp@patch.com,Male
603,Lilllie,Rawlins,lrawlinsgq@usatoday.com,Female
604,Ive,Hardy-Piggin,ihardypiggingr@flavors.me,Male
605,Crin,MacCostigan,cmaccostigangs@eepurl.com,Female
606,Jimmy,Greswell,jgreswellgt@wordpress.com,Male
607,Nikki,Smallthwaite,nsmallthwaitegu@mozilla.org,Female
608,Mendel,Hampe,mhampegv@discovery.com,Male
609,Ludwig,Candie,lcandiegw@geocities.jp,Male
610,Arin,Quarlis,aquarlisgx@liveinternet.ru,Male
611,Florella,Clampett,fclampettgy@chicagotribune.com,Female
612,Erskine,Battelle,ebattellegz@cmu.edu,Male
613,Timofei,McKim,tmckimh0@seattletimes.com,Male
614,Rob,Noddings,rnoddingsh1@vimeo.com,Male
615,Sharai,Pierse,spierseh2@washington.edu,Female
616,Herschel,Haskew,hhaskewh3@skype.com,Male
617,Theresa,Maywood,tmaywoodh4@quantcast.com,Female
618,Rudy,Eckels,reckelsh5@about.me,Male
619,Marvin,Emmanueli,memmanuelih6@wikispaces.com,Male
620,Arluene,Korf,akorfh7@nhs.uk,Female
621,Carter,Bank,cbankh8@salon.com,Male
622,Barbabas,Gradly,bgradlyh9@google.com.br,Male
623,Robin,Gibbon,rgibbonha@list-manage.com,Female
624,Pebrook,Philbrick,pphilbrickhb@bbc.co.uk,Male
625,Goldi,Mapam,gmapamhc@mlb.com,Female
626,Eilis,Fashion,efashionhd@squarespace.com,Female
627,Hazel,Kryzhov,hkryzhovhe@cbc.ca,Male
628,Thaddus,Seiffert,tseifferthf@seesaa.net,Male
629,Ermengarde,Cockaday,ecockadayhg@altervista.org,Female
630,Merrili,Grieswood,mgrieswoodhh@aboutads.info,Female
631,Yuma,Skingle,yskinglehi@php.net,Male
632,Porter,Yearsley,pyearsleyhj@stumbleupon.com,Male
633,Robinette,Robardey,rrobardeyhk@craigslist.org,Female
634,Jobina,Duffie,jduffiehl@admin.ch,Female
635,Kellie,Duchesne,kduchesnehm@jalbum.net,Female
636,Feodor,Cancott,fcancotthn@wp.com,Male
637,Klara,Cass,kcassho@google.it,Female
638,Fidole,Cromley,fcromleyhp@twitter.com,Male
639,Ker,Hunsworth,khunsworthhq@ibm.com,Male
640,Neda,Tongs,ntongshr@scientificamerican.com,Female
641,Bentley,Aldgate,baldgatehs@slate.com,Male
642,Harriot,Hallbird,hhallbirdht@csmonitor.com,Female
643,Micky,Lougheid,mlougheidhu@vistaprint.com,Female
644,Ragnar,Behrens,rbehrenshv@artisteer.com,Male
645,Mitchel,Gremane,mgremanehw@tinypic.com,Male
646,Fletch,Elston,felstonhx@hugedomains.com,Male
647,Bill,Ferrierio,bferrieriohy@go.com,Male
648,Robert,Ellingham,rellinghamhz@lulu.com,Male
649,Elmo,Layburn,elayburni0@ox.ac.uk,Male
650,Darin,Farman,dfarmani1@telegraph.co.uk,Male
651,Corabella,Omond,comondi2@lycos.com,Female
652,Vinny,Burhill,vburhilli3@blogspot.com,Female
653,Tarra,Barbie,tbarbiei4@people.com.cn,Female
654,Kelby,Dumphrey,kdumphreyi5@trellian.com,Male
655,Mylo,Kellar,mkellari6@geocities.jp,Male
656,Meaghan,Spafford,mspaffordi7@naver.com,Female
657,Reynard,Akess,rakessi8@cocolog-nifty.com,Male
658,Trula,Gooddy,tgooddyi9@liveinternet.ru,Female
659,Lettie,Urry,lurryia@netvibes.com,Female
660,Dotti,Osanne,dosanneib@huffingtonpost.com,Female
661,Charlena,Willingale,cwillingaleic@blinklist.com,Female
662,Ken,Loads,kloadsid@squarespace.com,Male
663,Paige,Skeemor,pskeemorie@guardian.co.uk,Male
664,Haslett,Garrique,hgarriqueif@dot.gov,Male
665,Iorgos,Buckel,ibuckelig@cisco.com,Male
666,Celisse,Fernan,cfernanih@deliciousdays.com,Female
667,Galina,Quixley,gquixleyii@netlog.com,Female
668,Barbey,McGray,bmcgrayij@123-reg.co.uk,Female
669,Sandor,Rego,sregoik@360.cn,Male
670,Engelbert,Saenz,esaenzil@newsvine.com,Male
671,Garvy,Ashe,gasheim@addtoany.com,Male
672,Ezequiel,Demanche,edemanchein@ftc.gov,Male
673,Darice,Vedeniktov,dvedeniktovio@mit.edu,Female
674,Elihu,Dreghorn,edreghornip@surveymonkey.com,Male
675,Chelsey,Guidera,cguideraiq@linkedin.com,Female
676,Raye,Fairtlough,rfairtloughir@storify.com,Female
677,Rina,MacParlan,rmacparlanis@domainmarket.com,Female
678,Humbert,Cullinane,hcullinaneit@youku.com,Male
679,Mari,Henrot,mhenrotiu@japanpost.jp,Female
680,Briggs,Lindenberg,blindenbergiv@telegraph.co.uk,Male
681,Nell,Canniffe,ncanniffeiw@vistaprint.com,Female
682,Pierson,Sirette,psiretteix@virginia.edu,Male
683,Silvia,Harries,sharriesiy@dion.ne.jp,Female
684,Neils,Gresswell,ngresswelliz@sciencedaily.com,Male
685,Cris,Rable,crablej0@nature.com,Female
686,Timmie,Jaumet,tjaumetj1@1688.com,Male
687,Wilone,Gration,wgrationj2@smh.com.au,Female
688,Gill,Quick,gquickj3@cocolog-nifty.com,Female
689,Claudius,Stickford,cstickfordj4@java.com,Male
690,Gabbey,Wegenen,gwegenenj5@cdc.gov,Female
691,Rheba,Warratt,rwarrattj6@ox.ac.uk,Female
692,Lorry,Keeble,lkeeblej7@google.com.br,Male
693,Kareem,Verralls,kverrallsj8@bravesites.com,Male
694,Mead,Domb,mdombj9@opensource.org,Male
695,Marcela,Linnock,mlinnockja@xinhuanet.com,Female
696,Augy,Churm,achurmjb@springer.com,Male
697,Dena,Kettleson,dkettlesonjc@odnoklassniki.ru,Female
698,Linoel,Pargetter,lpargetterjd@go.com,Male
699,Michael,Gamble,mgambleje@elegantthemes.com,Male
700,Shem,Highnam,shighnamjf@ted.com,Male
701,Mahala,Giovannetti,mgiovannettijg@dion.ne.jp,Female
702,Granthem,Teodori,gteodorijh@un.org,Male
703,Farra,Landell,flandellji@youtu.be,Female
704,Rozanne,Coulter,rcoulterjj@cdbaby.com,Female
705,Sawyer,Diaper,sdiaperjk@fastcompany.com,Male
706,Cammy,Ormonde,cormondejl@sourceforge.net,Female
707,Taddeusz,Kitcat,tkitcatjm@senate.gov,Male
708,Mari,Allatt,mallattjn@google.it,Female
709,Maisie,Tolotti,mtolottijo@mail.ru,Female
710,Anneliese,Sidwick,asidwickjp@yellowbook.com,Female
711,Ethelind,Glenton,eglentonjq@irs.gov,Female
712,Cathie,Kures,ckuresjr@printfriendly.com,Female
713,Leland,Hallybone,lhallybonejs@vk.com,Female
714,Reeva,Lisciandro,rlisciandrojt@sakura.ne.jp,Female
715,Bobine,Bortolini,bbortoliniju@1und1.de,Female
716,Hardy,Edmonston,hedmonstonjv@senate.gov,Male
717,Tersina,Manville,tmanvillejw@simplemachines.org,Female
718,Caryl,Heaton,cheatonjx@gnu.org,Male
719,Gilberte,Southwell,gsouthwelljy@themeforest.net,Female
720,Germain,Tregidgo,gtregidgojz@cpanel.net,Male
721,Benedicto,Grahlmans,bgrahlmansk0@youtu.be,Male
722,Thurstan,Huggan,thuggank1@cam.ac.uk,Male
723,Tani,Grzegorecki,tgrzegoreckik2@npr.org,Female
724,Reagen,Mudie,rmudiek3@simplemachines.org,Male
725,Carmine,le Keux,clekeuxk4@hatena.ne.jp,Male
726,Suzann,Stickler,ssticklerk5@360.cn,Female
727,Tome,Carrel,tcarrelk6@webmd.com,Male
728,Richy,Penke,rpenkek7@amazon.de,Male
729,Siana,Holdin,sholdink8@smugmug.com,Female
730,Ebenezer,MacGowing,emacgowingk9@phoca.cz,Male
731,Tore,Malam,tmalamka@wsj.com,Male
732,Aymer,Enrigo,aenrigokb@hao123.com,Male
733,Hilario,Fleischer,hfleischerkc@wp.com,Male
734,Chico,MacMeeking,cmacmeekingkd@prweb.com,Male
735,Leanora,Tilzey,ltilzeyke@arizona.edu,Female
736,Jeni,Grabban,jgrabbankf@csmonitor.com,Female
737,Adi,Whitlock,awhitlockkg@youku.com,Female
738,Gerri,MacGinney,gmacginneykh@smugmug.com,Male
739,Vivianna,Cristoforo,vcristoforoki@theatlantic.com,Female
740,Annette,Alenov,aalenovkj@jugem.jp,Female
741,Arline,Murtimer,amurtimerkk@usgs.gov,Female
742,Nichole,Baden,nbadenkl@domainmarket.com,Female
743,Ferne,Cleworth,fcleworthkm@europa.eu,Female
744,Vergil,Nisen,vnisenkn@github.io,Male
745,George,Lord,glordko@godaddy.com,Male
746,Sibella,Sample,ssamplekp@abc.net.au,Female
747,York,Fogden,yfogdenkq@geocities.jp,Male
748,Mohandas,Brotherick,mbrotherickkr@lulu.com,Male
749,Lanae,Foch,lfochks@cbslocal.com,Female
750,Elvin,Squibbes,esquibbeskt@de.vu,Male
751,Ashlen,Tungate,atungateku@nydailynews.com,Female
752,Ulick,Lowth,ulowthkv@illinois.edu,Male
753,Van,Nealand,vnealandkw@bandcamp.com,Male
754,Jeno,Kersey,jkerseykx@exblog.jp,Male
755,Alyse,Cambridge,acambridgeky@github.io,Female
756,Beck,Yallowley,byallowleykz@bravesites.com,Male
757,Antin,Hentzeler,ahentzelerl0@oakley.com,Male
758,Ardelis,Tregian,atregianl1@unicef.org,Female
759,Corrina,Backler,cbacklerl2@oaic.gov.au,Female
760,Skip,Branigan,sbraniganl3@bloglovin.com,Male
761,Mignon,Purdie,mpurdiel4@prweb.com,Female
762,Renaud,Prescote,rprescotel5@myspace.com,Male
763,Granger,Braywood,gbraywoodl6@mail.ru,Male
764,Nolie,Olifaunt,nolifauntl7@cbslocal.com,Female
765,Rand,Hearons,rhearonsl8@usatoday.com,Male
766,Pauline,Chipchase,pchipchasel9@dion.ne.jp,Female
767,Romeo,Ricardot,rricardotla@ihg.com,Male
768,Mickey,Kenney,mkenneylb@nyu.edu,Male
769,Sherwood,Naismith,snaismithlc@google.nl,Male
770,Berkie,McJerrow,bmcjerrowld@slideshare.net,Male
771,Hastings,Swafield,hswafieldle@wufoo.com,Male
772,Ondrea,Stonehewer,ostonehewerlf@ed.gov,Female
773,Findlay,O'Beirne,fobeirnelg@mashable.com,Male
774,Tonnie,Defau,tdefaulh@simplemachines.org,Male
775,Randee,Crennell,rcrennellli@sourceforge.net,Female
776,Moises,Rummins,mrumminslj@uol.com.br,Male
777,Abbie,Benkhe,abenkhelk@ebay.co.uk,Male
778,Jedediah,Hutcheons,jhutcheonsll@phoca.cz,Male
779,Marleen,Tuma,mtumalm@facebook.com,Female
780,Daisy,Cawthra,dcawthraln@wisc.edu,Female
781,Nicol,Cattellion,ncattellionlo@techcrunch.com,Male
782,Aloysia,Dimnage,adimnagelp@prlog.org,Female
783,Walsh,Scough,wscoughlq@unblog.fr,Male
784,Homer,Siemens,hsiemenslr@pinterest.com,Male
785,Ramona,Aveling,ravelingls@creativecommons.org,Female
786,Osbert,Nockolds,onockoldslt@chronoengine.com,Male
787,Theresina,Grassot,tgrassotlu@gov.uk,Female
788,Thor,Kent,tkentlv@spotify.com,Male
789,Catlee,Gemlbett,cgemlbettlw@mail.ru,Female
790,Omar,Cockshot,ocockshotlx@furl.net,Male
791,Billy,Follit,bfollitly@mapquest.com,Female
792,Lyndel,Imison,limisonlz@yahoo.com,Female
793,Vale,Stiles,vstilesm0@vk.com,Male
794,Cara,Jarrard,cjarrardm1@fema.gov,Female
795,Dannie,Sidery,dsiderym2@google.com.hk,Male
796,Fayth,Byard,fbyardm3@diigo.com,Female
797,Bartolomeo,Speaks,bspeaksm4@state.gov,Male
798,Billye,Rolls,brollsm5@php.net,Female
799,Aaron,Drinkale,adrinkalem6@jimdo.com,Male
800,Nolan,Natt,nnattm7@china.com.cn,Male
801,Dre,Alldritt,dalldrittm8@nbcnews.com,Female
802,Efrem,Ferryn,eferrynm9@ftc.gov,Male
803,Herby,Gillian,hgillianma@dailymail.co.uk,Male
804,Orson,Ackerman,oackermanmb@japanpost.jp,Male
805,Minnnie,Flaherty,mflahertymc@wired.com,Female
806,Say,Rappaport,srappaportmd@whitehouse.gov,Male
807,Vevay,Robjents,vrobjentsme@icq.com,Female
808,Mellisa,Dallison,mdallisonmf@blog.com,Female
809,Lacy,Lismer,llismermg@blog.com,Female
810,Creighton,Quig,cquigmh@wordpress.com,Male
811,Koral,Ghidelli,kghidellimi@kickstarter.com,Female
812,Heywood,Bullion,hbullionmj@yellowbook.com,Male
813,Sharla,Coultous,scoultousmk@woothemes.com,Female
814,Dulce,Reynault,dreynaultml@icio.us,Female
815,Mano,Jandera,mjanderamm@state.gov,Male
816,Kennie,Eichmann,keichmannmn@huffingtonpost.com,Male
817,Adolf,Ahmed,aahmedmo@cocolog-nifty.com,Male
818,Cam,Turri,cturrimp@goo.gl,Male
819,Emelia,Basilio,ebasiliomq@netvibes.com,Female
820,Winny,Siddaley,wsiddaleymr@linkedin.com,Male
821,Leland,Bonifazio,lbonifazioms@tuttocitta.it,Male
822,Tiff,Ladd,tladdmt@ifeng.com,Female
823,Karel,Kinchin,kkinchinmu@webeden.co.uk,Female
824,Catherin,Huddart,chuddartmv@diigo.com,Female
825,Tomasine,Mc Caghan,tmccaghanmw@dyndns.org,Female
826,Geneva,Annesley,gannesleymx@ucoz.com,Female
827,Charin,Droogan,cdrooganmy@ocn.ne.jp,Female
828,Bernie,Morit,bmoritmz@home.pl,Female
829,Danyelle,Fall,dfalln0@seesaa.net,Female
830,Gloriane,Ambrosio,gambrosion1@netscape.com,Female
831,Timi,Lippitt,tlippittn2@dailymail.co.uk,Female
832,Minne,Smedmoor,msmedmoorn3@weather.com,Female
833,Carmon,Armal,carmaln4@flavors.me,Female
834,Milt,Barclay,mbarclayn5@prweb.com,Male
835,Filmore,Pittway,fpittwayn6@washingtonpost.com,Male
836,Anselma,Hartfield,ahartfieldn7@behance.net,Female
837,Cletis,Sweett,csweettn8@ox.ac.uk,Male
838,Thalia,Driscoll,tdriscolln9@dailymotion.com,Female
839,Sibyl,Blaker,sblakerna@prnewswire.com,Male
840,Elsie,Shipley,eshipleynb@wired.com,Female
841,Dianemarie,Glascott,dglascottnc@army.mil,Female
842,Douglas,Padbury,dpadburynd@skype.com,Male
843,Mallory,Tunny,mtunnyne@ftc.gov,Male
844,Arnuad,Tustin,atustinnf@prnewswire.com,Male
845,Lynne,Pauel,lpauelng@opensource.org,Female
846,Carlye,Feacham,cfeachamnh@gravatar.com,Female
847,Karena,Fist,kfistni@webs.com,Female
848,Hermie,Piner,hpinernj@icq.com,Male
849,Camey,Storres,cstorresnk@jalbum.net,Male
850,Frederich,Ricker,frickernl@weebly.com,Male
851,Flinn,Matisoff,fmatisoffnm@intel.com,Male
852,Chaddy,McGorley,cmcgorleynn@photobucket.com,Male
853,Antonia,Willett,awillettno@mediafire.com,Female
854,Cathyleen,Roderick,crodericknp@altervista.org,Female
855,Whitney,Lutton,wluttonnq@blog.com,Female
856,Madlen,Thornthwaite,mthornthwaitenr@webmd.com,Female
857,Phillipp,Caillou,pcaillouns@dagondesign.com,Male
858,Jeddy,Tschursch,jtschurschnt@merriam-webster.com,Male
859,Lois,Ricardin,lricardinnu@youku.com,Female
860,Torry,Sarson,tsarsonnv@google.it,Male
861,Jonell,Aldren,jaldrennw@scientificamerican.com,Female
862,Renado,Wickstead,rwicksteadnx@com.com,Male
863,Pyotr,Halms,phalmsny@free.fr,Male
864,Justinn,Drakers,jdrakersnz@alexa.com,Female
865,Beret,Credland,bcredlando0@seesaa.net,Female
866,Brannon,Prescot,bprescoto1@canalblog.com,Male
867,Chastity,Larciere,clarciereo2@behance.net,Female
868,Kevin,Duigan,kduigano3@slideshare.net,Male
869,Duffie,Hrinchishin,dhrinchishino4@columbia.edu,Male
870,Lynn,Beig,lbeigo5@cbsnews.com,Female
871,Jerad,Dymocke,jdymockeo6@icio.us,Male
872,Nowell,Kroger,nkrogero7@virginia.edu,Male
873,Cinda,Beig,cbeigo8@berkeley.edu,Female
874,Sadella,Frayn,sfrayno9@123-reg.co.uk,Female
875,Harmonia,Timmermann,htimmermannoa@opera.com,Female
876,Gardner,Lusgdin,glusgdinob@edublogs.org,Male
877,Salomone,Howgate,showgateoc@reuters.com,Male
878,Goober,Undrill,gundrillod@go.com,Male
879,Morty,Poupard,mpoupardoe@newsvine.com,Male
880,Adora,Phillp,aphillpof@imageshack.us,Female
881,Sacha,Saby,ssabyog@utexas.edu,Female
882,Vite,Kalinovich,vkalinovichoh@sakura.ne.jp,Male
883,Clint,Swannack,cswannackoi@salon.com,Male
884,Marion,Brokenshaw,mbrokenshawoj@opera.com,Male
885,Dorise,Maillard,dmaillardok@japanpost.jp,Female
886,Tiena,Jentet,tjentetol@indiatimes.com,Female
887,Murdock,Circuitt,mcircuittom@cisco.com,Male
888,Milly,Robshaw,mrobshawon@miibeian.gov.cn,Female
889,Thatcher,Domerque,tdomerqueoo@w3.org,Male
890,Cinda,Aleksahkin,caleksahkinop@cornell.edu,Female
891,Rowe,Clarricoates,rclarricoatesoq@wikia.com,Female
892,Caz,Meineken,cmeinekenor@spiegel.de,Male
893,Eugene,Langdon,elangdonos@aol.com,Male
894,Siusan,Brazier,sbrazierot@devhub.com,Female
895,Austin,Howles,ahowlesou@mozilla.org,Female
896,Den,Moens,dmoensov@bbb.org,Male
897,Rubin,Blatherwick,rblatherwickow@cnn.com,Male
898,Asher,Dallicoat,adallicoatox@mail.ru,Male
899,Ana,McGougan,amcgouganoy@g.co,Female
900,Abdul,Lye,alyeoz@usgs.gov,Male
901,Letizia,Southcomb,lsouthcombp0@4shared.com,Female
902,Morgun,Sambells,msambellsp1@g.co,Male
903,Cass,Gaffney,cgaffneyp2@pen.io,Male
904,Geno,Molian,gmolianp3@weather.com,Male
905,Emelita,Veazey,eveazeyp4@imageshack.us,Female
906,Timi,Wyllcock,twyllcockp5@nytimes.com,Female
907,Massimiliano,Banfill,mbanfillp6@yelp.com,Male
908,Jeralee,Le Estut,jleestutp7@plala.or.jp,Female
909,Keefer,Bonick,kbonickp8@furl.net,Male
910,Tibold,Olivas,tolivasp9@biblegateway.com,Male
911,Bron,Balsom,bbalsompa@de.vu,Male
912,Delcine,Newland,dnewlandpb@last.fm,Female
913,Cynthy,Vallentin,cvallentinpc@intel.com,Female
914,Marten,Davies,mdaviespd@friendfeed.com,Male
915,Ollie,Dudhill,odudhillpe@businessinsider.com,Male
916,Clementina,Blyde,cblydepf@harvard.edu,Female
917,Harlen,Shulem,hshulempg@bluehost.com,Male
918,Gearalt,Lishmund,glishmundph@yahoo.co.jp,Male
919,Egon,Kernaghan,ekernaghanpi@fotki.com,Male
920,Paolo,Callaghan,pcallaghanpj@cdc.gov,Male
921,Jud,Cargill,jcargillpk@imageshack.us,Male
922,Barbette,Fipp,bfipppl@google.cn,Female
923,Willa,Rilston,wrilstonpm@mapquest.com,Female
924,Giffard,Baldinotti,gbaldinottipn@google.co.uk,Male
925,Joannes,Mack,jmackpo@howstuffworks.com,Female
926,Trenton,Tutt,ttuttpp@creativecommons.org,Male
927,Zach,Compston,zcompstonpq@imgur.com,Male
928,Saundra,Whates,swhatespr@facebook.com,Female
929,Randolph,Caley,rcaleyps@github.com,Male
930,Hortensia,Surgeoner,hsurgeonerpt@jigsy.com,Female
931,Vernon,A'Barrow,vabarrowpu@hibu.com,Male
932,Ora,Gueny,oguenypv@nytimes.com,Female
933,Maxy,Bridgement,mbridgementpw@ucsd.edu,Female
934,Ophelie,Recke,oreckepx@salon.com,Female
935,Wynn,Coleyshaw,wcoleyshawpy@paginegialle.it,Male
936,Teodoro,Elcombe,telcombepz@behance.net,Male
937,Ambur,Dunseath,adunseathq0@diigo.com,Female
938,Baird,Rizzello,brizzelloq1@answers.com,Male
939,Pen,Westmacott,pwestmacottq2@alibaba.com,Female
940,Charlton,Capes,ccapesq3@ocn.ne.jp,Male
941,Maighdiln,Bricket,mbricketq4@discovery.com,Female
942,Harley,Farrow,hfarrowq5@uol.com.br,Female
943,Lida,Fouracres,lfouracresq6@booking.com,Female
944,Mellisa,Earle,mearleq7@deviantart.com,Female
945,Hildegaard,Boutcher,hboutcherq8@toplist.cz,Female
946,Dorolice,Daid,ddaidq9@canalblog.com,Female
947,Hortense,Pescott,hpescottqa@nyu.edu,Female
948,Carmela,Densumbe,cdensumbeqb@fema.gov,Female
949,Marie-ann,Clarycott,mclarycottqc@desdev.cn,Female
950,Kaine,French,kfrenchqd@odnoklassniki.ru,Male
951,Emmi,Thurman,ethurmanqe@washington.edu,Female
952,Kelcy,Ussher,kussherqf@livejournal.com,Female
953,Kermie,Gorgler,kgorglerqg@ustream.tv,Male
954,Natalee,Heindle,nheindleqh@wufoo.com,Female
955,Emilia,Bumford,ebumfordqi@imageshack.us,Female
956,Chilton,Butterfield,cbutterfieldqj@dailymail.co.uk,Male
957,Clarisse,Gonet,cgonetqk@census.gov,Female
958,Sergei,Bradshaw,sbradshawql@java.com,Male
959,Kikelia,Moffat,kmoffatqm@columbia.edu,Female
960,Sherry,Fetters,sfettersqn@hexun.com,Female
961,Silvano,Rands,srandsqo@pinterest.com,Male
962,Georgiana,Quarry,gquarryqp@squidoo.com,Female
963,Gui,Archard,garchardqq@mozilla.org,Female
964,Llewellyn,Queen,lqueenqr@bing.com,Male
965,Laure,Wenderoth,lwenderothqs@etsy.com,Female
966,Hardy,Wolffers,hwolffersqt@alexa.com,Male
967,Trudy,Skirvane,tskirvanequ@barnesandnoble.com,Female
968,Orville,Bentsen,obentsenqv@princeton.edu,Male
969,Teressa,Sturror,tsturrorqw@amazon.de,Female
970,Inger,Sainz,isainzqx@dmoz.org,Female
971,Garrek,Sands,gsandsqy@google.com.hk,Male
972,Allin,Cohrs,acohrsqz@xinhuanet.com,Male
973,Lorelle,Bestiman,lbestimanr0@senate.gov,Female
974,Spence,Duffield,sduffieldr1@studiopress.com,Male
975,Sancho,Dunsford,sdunsfordr2@jalbum.net,Male
976,Tristam,Slaney,tslaneyr3@dropbox.com,Male
977,Marijo,Figgs,mfiggsr4@xinhuanet.com,Female
978,Chevalier,Brisset,cbrissetr5@about.me,Male
979,Victoria,Linster,vlinsterr6@storify.com,Female
980,Sax,Zealy,szealyr7@youtube.com,Male
981,Conney,Janoschek,cjanoschekr8@answers.com,Male
982,Janene,Jahan,jjahanr9@baidu.com,Female
983,Howey,Ugolini,hugolinira@github.com,Male
984,Salvatore,Assel,sasselrb@hao123.com,Male
985,Drake,Probat,dprobatrc@nih.gov,Male
986,Parker,Gepheart,pgepheartrd@vimeo.com,Male
987,Milli,Quibell,mquibellre@craigslist.org,Female
988,Siouxie,Darnell,sdarnellrf@acquirethisname.com,Female
989,Dorry,Verdun,dverdunrg@mozilla.com,Female
990,Geri,Hassard,ghassardrh@abc.net.au,Female
991,Findley,McGeffen,fmcgeffenri@jalbum.net,Male
992,Hoyt,Murden,hmurdenrj@dell.com,Male
993,Raquel,Starking,rstarkingrk@aol.com,Female
994,Taryn,Breward,tbrewardrl@ibm.com,Female
995,Guinevere,Hechlin,ghechlinrm@hexun.com,Female
996,Romy,Kensall,rkensallrn@live.com,Female
997,Kaile,Crowter,kcrowterro@paypal.com,Female
998,Sterling,Sydes,ssydesrp@cdbaby.com,Male
999,Barris,Keneleyside,bkeneleysiderq@unicef.org,Male
1000,Rosamund,Lupson,rlupsonrr@bizjournals.com,Female
